,Player,AB,R,H,1B,2B,3B,HR,RBI,BB,K,SB,CS,AVG,OBP,SLG,Rank,Sal
0,Mike Trout CF | LAA ,493,115,163,87,29,6,41,92,123,121,25,3,0.331,0.469,0.663,1,52
1,Mookie Betts RF | BOS ,592,123,184,103,45,5,31,85,79,117,26,7,0.311,0.397,0.561,2,45
4,J.D. Martinez DH | BOS,537,99,171,96,32,2,41,125,65,143,5,1,0.318,0.391,0.615,5,44
2,Jose Altuve 2B | HOU,593,101,195,133,35,6,21,76,58,89,22,4,0.329,0.395,0.514,3,40
9,Christian Yelich LF | MIL,571,109,172,105,33,5,29,97,72,139,19,3,0.301,0.382,0.529,13,39
13,Ronald Acuna LF | ATL ,586,103,170,91,39,5,35,97,66,167,22,7,0.29,0.366,0.553,17,39
10,Paul Goldschmidt 1B | STL,572,102,174,101,33,2,38,98,81,159,10,4,0.304,0.398,0.568,14,37
12,Trevor Story SS | COL ,548,77,162,89,37,5,31,90,42,154,22,6,0.296,0.352,0.551,16,36
15,Javier Baez 2B | CHC ,562,90,164,85,37,10,32,98,33,160,18,8,0.292,0.334,0.564,20,36
6,Trea Turner SS | WAS ,557,93,155,105,25,7,18,67,47,116,41,8,0.278,0.34,0.445,8,36
20,Starling Marte CF | PIT,581,84,163,106,29,6,22,72,39,119,35,12,0.281,0.334,0.465,26,35
11,Aaron Judge RF | NYY,503,105,143,77,27,1,38,96,93,183,7,4,0.284,0.398,0.569,15,33
5,Alex Bregman 3B | HOU ,537,98,162,84,47,1,30,97,83,80,8,5,0.302,0.406,0.56,7,32
23,Anthony Rendon 3B | WAS ,547,95,169,93,47,3,26,104,66,89,4,2,0.309,0.388,0.548,31,31
21,Andrew Benintendi LF | BOS,588,101,169,108,39,5,17,86,68,115,20,3,0.287,0.36,0.458,27,30
71,Mallex Smith CF | SEA,507,69,142,98,28,7,9,53,46,116,40,13,0.28,0.345,0.416,105,30
38,Lorenzo Cain CF | MIL,560,90,168,126,27,4,11,46,66,109,28,5,0.3,0.38,0.421,54,29
33,Scooter Gennett 2B | CIN ,549,83,168,109,30,3,26,95,36,118,5,2,0.306,0.352,0.514,48,28
53,Michael Brantley LF | HOU ,558,86,175,121,34,2,18,80,49,69,13,3,0.314,0.371,0.478,77,28
22,Juan Soto LF | WAS,504,94,147,85,30,2,30,88,84,125,7,3,0.292,0.393,0.538,28,28
8,Manny Machado SS | LAD ,493,71,144,81,28,6,29,91,56,87,9,3,0.292,0.363,0.55,10,27
45,A.J. Pollock CF | LAD ,491,85,135,74,29,7,25,77,40,105,19,4,0.275,0.341,0.515,65,27
44,Dee Gordon 2B | SEA,575,77,158,126,19,9,4,36,17,97,38,13,0.275,0.304,0.36,63,27
14,Charlie Blackmon CF | COL,586,104,172,105,29,8,30,70,53,131,11,5,0.293,0.36,0.524,18,27
74,Shohei Ohtani DH | LAA ,420,68,121,68,23,2,28,77,47,110,12,5,0.288,0.364,0.552,114,26
7,Bryce Harper RF | WAS ,439,88,120,61,28,1,30,86,85,128,9,2,0.273,0.391,0.547,9,26
26,Xander Bogaerts SS | BOS ,580,85,164,94,43,6,21,99,58,120,10,2,0.283,0.352,0.486,35,26
3,Nolan Arenado 3B | COL ,574,89,163,89,35,3,36,103,62,122,2,1,0.284,0.354,0.544,4,26
37,Jean Segura SS | PHI,591,98,170,124,31,4,11,68,40,94,21,10,0.288,0.335,0.409,53,26
75,Yasiel Puig RF | CIN ,489,66,142,92,25,2,23,70,42,97,16,6,0.29,0.347,0.491,115,25
17,Freddie Freeman 1B | ATL,566,86,165,100,37,4,24,93,70,136,8,2,0.291,0.372,0.498,22,25
49,Wil Myers LF | SD ,543,77,144,77,40,4,23,77,56,154,21,4,0.265,0.334,0.481,69,25
112,Andrelton Simmons SS | LAA,499,68,152,106,28,6,12,70,38,49,12,3,0.305,0.355,0.457,189,24
25,George Springer CF | HOU,579,108,162,102,30,0,30,80,64,122,6,5,0.28,0.358,0.487,34,24
64,Jose Peraza SS | CIN ,597,80,170,117,32,5,16,61,33,84,19,6,0.285,0.329,0.435,93,24
19,Anthony Rizzo 1B | CHC,557,80,152,91,31,2,28,102,75,91,7,4,0.273,0.376,0.486,25,24
18,Khris Davis DH | OAK ,561,94,140,66,27,2,45,120,60,180,1,0,0.25,0.331,0.545,23,24
69,Marcell Ozuna LF | STL ,563,74,162,108,23,3,28,97,46,127,3,1,0.288,0.342,0.488,103,24
78,Rougned Odor 2B | TEX,554,91,149,96,29,2,22,85,47,143,14,12,0.269,0.333,0.448,122,24
34,Eugenio Suarez 3B | CIN ,536,77,153,90,26,3,34,99,57,135,2,1,0.285,0.359,0.535,49,24
46,Justin Upton LF | LAA,539,84,146,93,22,2,29,89,68,159,8,3,0.271,0.358,0.48,66,23
42,Daniel Murphy 2B | COL ,561,75,165,112,28,2,23,72,41,94,8,1,0.294,0.342,0.474,61,23
16,Giancarlo Stanton DH | NYY,537,87,147,84,29,1,33,90,57,169,5,1,0.274,0.346,0.516,21,23
142,Howie Kendrick 2B | WAS,396,60,131,85,31,3,12,53,25,77,12,4,0.331,0.376,0.515,231,23
54,Mitch Haniger RF | SEA,556,86,157,92,36,4,25,86,66,157,7,3,0.282,0.366,0.496,78,23
59,David Peralta LF | ARI ,562,74,159,98,27,5,29,83,48,130,5,1,0.283,0.343,0.504,85,22
36,Cody Bellinger 1B | LAD,541,83,140,77,27,7,29,86,58,154,13,3,0.259,0.332,0.495,52,22
70,Jurickson Profar SS | OAK ,538,88,146,77,39,8,22,83,47,93,11,1,0.271,0.338,0.496,104,22
57,Miguel Andujar 3B | NYY ,484,72,146,83,39,2,22,81,29,89,2,1,0.302,0.344,0.527,81,22
27,Kris Bryant 3B | CHC ,566,95,162,93,41,4,24,75,80,148,5,5,0.286,0.388,0.5,36,22
133,Asdrubal Cabrera 2B | TEX ,587,87,166,102,40,1,23,90,44,130,2,1,0.283,0.335,0.472,222,21
85,Jose Martinez 1B | STL ,508,67,152,99,31,1,21,81,52,112,2,1,0.299,0.365,0.488,135,21
43,Gleyber Torres 2B | NYY ,510,69,143,96,24,2,21,84,47,126,8,3,0.28,0.343,0.459,62,21
92,Adam Eaton RF | WAS,494,89,142,97,31,4,10,61,54,106,15,2,0.287,0.371,0.427,152,21
30,Rhys Hoskins LF | PHI,532,92,135,68,35,0,32,102,75,136,5,2,0.254,0.352,0.5,42,21
96,Ender Inciarte CF | ATL ,554,79,149,108,24,6,11,58,47,93,23,10,0.269,0.328,0.394,160,21
84,Luke Voit 1B | NYY ,387,66,113,63,22,2,26,78,48,106,2,0,0.292,0.374,0.561,134,21
113,Yuli Gurriel 1B | HOU,533,68,157,103,37,2,15,81,26,67,4,1,0.295,0.333,0.456,190,20
48,Travis Shaw 3B | MIL ,466,70,121,68,26,1,26,85,58,106,6,1,0.26,0.344,0.487,68,20
76,David Dahl LF | COL,499,66,134,77,25,5,27,80,38,135,8,5,0.269,0.321,0.501,116,20
41,Josh Donaldson 3B | ATL ,521,85,139,78,32,1,28,88,74,139,4,1,0.267,0.36,0.493,60,20
111,Ryan Braun LF | MIL ,528,76,140,86,31,3,20,72,39,122,14,5,0.265,0.317,0.449,188,20
28,Carlos Correa SS | HOU ,536,84,146,90,29,3,24,95,65,131,3,1,0.272,0.349,0.472,37,20
50,Jesus Aguilar 1B | MIL ,506,76,135,77,27,1,30,105,53,149,1,0,0.267,0.337,0.502,70,20
29,Joey Votto 1B | CIN ,531,74,155,102,32,3,18,77,96,110,3,0,0.292,0.405,0.465,40,19
63,Brian Dozier 2B | WAS ,501,84,125,71,26,3,25,78,57,112,12,4,0.249,0.332,0.463,92,19
55,Matt Chapman 3B | OAK ,542,96,152,80,39,8,25,75,54,142,2,1,0.28,0.355,0.52,79,19
141,Amed Rosario SS | NYM,541,75,143,97,26,7,13,58,31,116,20,10,0.264,0.307,0.41,230,19
140,Domingo Santana RF | SEA ,490,65,136,87,27,3,19,68,53,153,10,4,0.278,0.354,0.461,229,19
100,Cesar Hernandez 2B | PHI ,542,89,148,114,18,4,12,54,70,125,17,5,0.273,0.359,0.388,169,19
40,Justin Turner 3B | LAD ,533,75,157,102,35,2,18,66,58,90,5,2,0.295,0.379,0.469,58,19
90,Chris Taylor SS | LAD ,540,83,146,85,32,10,19,65,52,161,12,4,0.27,0.342,0.472,145,19
93,Eric Hosmer 1B | SD,589,80,161,106,33,2,20,79,64,130,6,3,0.273,0.344,0.438,157,18
134,Matt Adams 1B | WAS ,381,60,106,54,20,1,31,77,35,95,0,0,0.278,0.344,0.58,223,18
79,Ian Desmond 1B | COL ,519,70,126,82,19,5,20,72,46,141,19,5,0.243,0.311,0.414,123,18
77,Robinson Cano 2B | NYM,573,76,160,103,35,0,22,88,60,96,1,0,0.279,0.351,0.456,117,18
95,Odubel Herrera CF | PHI,566,74,153,101,29,3,20,77,36,128,7,3,0.27,0.32,0.438,159,18
94,Nomar Mazara RF | TEX ,528,70,144,92,30,2,20,98,46,121,2,1,0.273,0.333,0.451,158,18
136,Corey Dickerson LF | PIT ,549,73,162,101,37,6,18,60,28,108,7,2,0.295,0.332,0.483,225,18
66,Aaron Hicks CF | NYY ,426,79,110,65,21,3,21,72,72,98,10,4,0.258,0.366,0.469,95,18
32,Corey Seager SS | LAD ,539,79,151,100,28,2,21,75,62,125,4,2,0.28,0.357,0.456,46,18
138,Matt Kemp LF | CIN ,520,66,150,104,26,1,19,78,40,125,2,0,0.288,0.335,0.452,227,18
83,Rafael Devers 3B | BOS ,555,76,142,87,30,0,25,87,47,149,7,3,0.256,0.314,0.445,133,17
60,Yadier Molina C | STL ,500,59,134,89,23,1,21,81,30,82,6,4,0.268,0.314,0.444,86,17
101,Gregory Polanco RF | PIT ,438,66,114,58,29,5,22,70,54,112,10,2,0.26,0.343,0.5,170,17
24,J.T. Realmuto C | PHI ,468,76,127,72,28,4,23,78,43,108,3,2,0.271,0.342,0.496,32,17
62,Victor Robles CF | WAS,375,60,102,63,22,3,14,58,39,89,13,4,0.272,0.345,0.459,89,17
72,Stephen Piscotty RF | OAK ,501,72,134,72,36,1,25,82,40,116,3,0,0.268,0.332,0.493,106,17
56,Max Muncy 1B | LAD,457,78,117,60,22,3,32,81,79,141,3,0,0.256,0.369,0.527,80,17
86,Shin-Soo Choo DH | TEX ,527,85,142,95,27,1,19,69,78,138,7,2,0.269,0.367,0.433,136,17
31,Matt Carpenter 1B | STL ,525,98,134,63,38,1,32,74,95,150,3,1,0.255,0.373,0.514,43,17
137,Ryan Zimmerman 1B | WAS,503,64,134,73,34,4,23,90,50,113,2,2,0.266,0.337,0.487,226,17
61,Wilson Ramos C | NYM ,481,52,137,87,27,1,22,86,41,101,0,0,0.285,0.342,0.482,87,17
39,Ozzie Albies 2B | ATL,550,91,142,83,31,6,22,66,35,110,13,3,0.258,0.306,0.456,56,17
148,Aledmys Diaz SS | HOU ,429,62,125,81,26,1,17,64,27,59,5,3,0.291,0.336,0.475,237,17
51,Edwin Encarnacion DH | SEA ,543,70,133,84,19,2,28,98,60,158,2,0,0.245,0.325,0.442,71,16
176,Jacoby Ellsbury CF | NYY,363,61,94,61,22,4,7,48,41,75,21,4,0.259,0.341,0.399,266,16
139,Jackie Bradley CF | BOS ,498,75,122,69,30,5,18,73,50,140,14,3,0.245,0.325,0.434,228,16
73,Andrew McCutchen RF | PHI,517,81,131,81,27,3,20,67,78,136,11,7,0.253,0.358,0.433,107,16
120,Harrison Bader CF | STL,438,64,117,76,25,3,13,51,42,140,16,4,0.267,0.34,0.427,197,16
89,Paul DeJong SS | STL ,545,78,143,79,34,2,28,83,34,158,2,0,0.262,0.317,0.486,144,16
114,Brandon Belt 1B | SF,458,68,121,68,26,3,24,64,62,122,5,1,0.264,0.359,0.491,191,15
135,Maikel Franco 3B | PHI ,534,68,138,87,24,1,26,87,36,81,1,0,0.258,0.304,0.453,224,15
65,Matt Olson 1B | OAK ,503,76,125,68,26,0,31,83,61,147,2,0,0.248,0.34,0.485,94,15
145,Josh Reddick RF | HOU,451,68,122,81,19,2,20,60,47,84,7,3,0.271,0.34,0.455,234,15
103,Justin Bour 1B | LAA ,348,52,92,49,15,1,27,71,68,91,2,0,0.264,0.383,0.546,172,15
179,Hernan Perez 2B | MIL ,439,52,118,83,18,4,13,47,23,87,16,5,0.269,0.305,0.417,271,15
158,Ramon Laureano CF | OAK,402,63,106,63,26,4,13,56,42,115,13,4,0.264,0.338,0.445,247,15
153,Steve Pearce 1B | BOS,356,58,103,59,22,2,20,65,43,75,1,0,0.289,0.371,0.531,242,15
67,Michael Conforto LF | NYM ,493,74,126,74,23,2,27,77,71,144,3,2,0.256,0.358,0.475,96,15
82,Jesse Winker RF | CIN ,472,62,134,91,27,1,15,64,64,94,3,1,0.284,0.374,0.441,127,15
165,Didi Gregorius SS | NYY ,344,56,97,59,17,4,17,59,26,51,5,3,0.282,0.335,0.503,255,15
144,Keon Broxton CF | NYM ,466,66,104,60,20,4,20,59,47,153,22,8,0.223,0.305,0.412,233,15
116,Marcus Semien SS | OAK ,530,77,136,92,28,3,13,63,50,120,13,4,0.257,0.32,0.394,193,15
169,Adam Frazier 2B | PIT ,463,67,129,81,29,6,13,54,38,83,6,4,0.279,0.337,0.451,259,14
192,Rajai Davis CF | NYM ,377,52,93,60,18,3,12,40,35,96,20,6,0.247,0.317,0.406,284,14
203,Michael Taylor CF | WAS ,317,45,81,48,19,3,11,37,24,101,20,4,0.256,0.308,0.439,297,14
81,Elvis Andrus SS | TEX,579,85,156,108,31,6,11,59,44,105,8,5,0.269,0.324,0.401,126,14
80,Brandon Nimmo RF | NYM ,495,83,129,72,31,7,19,53,71,149,8,6,0.261,0.37,0.467,124,14
35,Gary Sanchez C | NYY ,489,83,115,60,24,0,31,92,49,133,2,0,0.235,0.31,0.474,50,14
104,Nick Markakis RF | ATL ,533,70,147,98,35,2,12,79,65,91,1,0,0.276,0.354,0.416,173,14
178,Manuel Margot CF | SD ,481,57,127,80,26,9,12,56,35,89,13,9,0.264,0.314,0.43,268,14
177,Nick Martini LF | OAK,494,74,142,99,29,8,6,57,53,124,5,1,0.287,0.365,0.415,267,14
160,T.J. Rivera 3B | NYM,483,60,135,86,30,3,16,62,37,94,4,1,0.28,0.338,0.453,249,14
167,David Freese 3B | LAD,388,55,109,66,21,3,19,61,36,92,2,1,0.281,0.347,0.497,257,14
159,Starlin Castro 2B | MIA,545,71,149,101,32,3,13,55,42,123,7,4,0.273,0.324,0.415,248,14
189,Nick Senzel 2B | CIN ,390,53,111,75,21,3,12,46,36,79,9,3,0.285,0.35,0.446,281,14
87,DJ LeMahieu 2B | NYY ,480,81,133,92,27,1,13,57,45,77,5,3,0.277,0.341,0.419,137,14
166,Cory Spangenberg 2B | MIL ,452,64,122,88,17,4,13,52,36,125,11,3,0.27,0.329,0.411,256,14
150,Brett Gardner LF | NYY,463,80,119,76,21,8,14,50,52,98,13,3,0.257,0.335,0.428,239,14
175,Orlando Arcia SS | MIL,562,59,150,115,22,2,11,58,32,122,12,8,0.267,0.305,0.372,265,14
146,Eric Thames RF | MIL,379,69,97,49,21,5,22,61,47,119,7,1,0.256,0.342,0.512,235,14
91,Garrett Hampson SS | COL ,452,57,116,81,25,5,5,56,37,106,15,6,0.257,0.315,0.367,149,13
206,Lonnie Chisenhall RF | PIT,371,46,109,73,22,4,10,49,33,80,5,2,0.294,0.359,0.456,304,13
181,Alen Hanson 2B | SF,418,57,112,68,24,7,13,53,20,88,10,4,0.268,0.304,0.452,273,13
143,Scott Schebler RF | CIN,512,70,128,70,30,1,27,67,46,131,5,3,0.25,0.324,0.471,232,13
187,Delino DeShields CF | TEX ,449,74,105,81,19,1,4,31,49,112,28,6,0.234,0.313,0.307,279,13
124,Jeff McNeil 2B | NYM ,412,58,117,85,21,6,5,42,31,69,13,4,0.284,0.339,0.401,205,13
97,Tyler White 1B | HOU,442,57,115,63,29,2,21,73,47,100,2,0,0.26,0.338,0.477,161,13
157,Zack Cozart 3B | LAA,440,71,123,74,27,5,17,54,49,80,2,0,0.28,0.358,0.479,246,13
152,Steven Souza RF | ARI ,493,61,115,64,28,4,19,69,64,150,14,3,0.233,0.329,0.422,241,13
47,Joey Gallo LF | TEX ,460,80,99,39,22,3,35,89,65,186,4,2,0.215,0.316,0.504,67,13
154,Albert Pujols 1B | LAA ,484,53,125,84,19,0,22,79,35,75,2,0,0.258,0.309,0.434,243,13
161,Alex Verdugo RF | LAD,422,64,112,66,25,3,18,56,47,103,6,2,0.265,0.342,0.467,250,13
102,Hunter Renfroe LF | SD ,552,69,136,76,31,3,26,82,42,142,4,1,0.246,0.303,0.455,171,13
182,Eduardo Nunez 2B | BOS,500,63,136,94,27,4,11,53,26,81,8,3,0.272,0.31,0.408,274,13
52,Willson Contreras C | CHC ,497,56,128,82,26,3,17,71,54,126,5,2,0.258,0.341,0.424,74,12
121,Robinson Chirinos C | HOU ,373,56,96,55,18,1,22,68,42,99,2,0,0.257,0.353,0.488,199,12
200,Dustin Pedroia 2B | BOS ,422,54,114,82,21,1,10,61,47,66,5,3,0.27,0.344,0.396,293,12
172,Ben Zobrist RF | CHC,489,71,133,87,29,4,13,59,60,79,3,3,0.272,0.352,0.427,262,12
156,Ronald Guzman 1B | TEX,435,58,111,64,23,3,21,74,43,127,2,0,0.255,0.329,0.467,245,12
108,Eduardo Escobar 3B | ARI,513,64,132,73,32,5,22,71,42,118,3,1,0.257,0.318,0.468,181,12
168,Brandon Crawford SS | SF,503,63,131,82,30,2,17,65,45,117,4,3,0.26,0.326,0.429,258,12
122,Luis Urias 2B | SD ,527,64,134,90,26,4,14,55,41,115,11,4,0.254,0.312,0.399,200,12
164,Patrick Wisdom 3B | TEX,410,63,105,64,22,2,17,66,42,104,5,2,0.256,0.33,0.444,254,12
151,Mitch Moreland 1B | BOS,446,68,113,64,27,3,19,76,53,114,2,0,0.253,0.331,0.455,240,12
162,Brian Anderson RF | MIA ,523,75,141,91,32,5,13,62,50,126,3,3,0.27,0.346,0.424,252,12
204,David Fletcher 2B | LAA,429,60,120,84,25,3,8,46,34,65,7,1,0.28,0.336,0.408,298,12
115,Josh Bell 1B | PIT ,526,76,136,82,31,4,19,73,72,117,2,2,0.259,0.346,0.441,192,12
190,Kolten Wong 2B | STL,456,59,120,77,27,4,12,51,42,89,9,5,0.263,0.342,0.419,282,12
180,Colin Moran 3B | PIT,499,59,133,89,26,2,16,67,47,104,1,0,0.267,0.331,0.423,272,11
209,Tyler O'Neill RF | STL,321,48,84,50,16,2,16,46,29,98,4,1,0.262,0.323,0.473,309,11
173,Ian Kinsler 2B | SD ,550,67,133,89,29,1,14,52,39,100,16,6,0.242,0.295,0.374,263,11
186,Johan Camargo 3B | ATL,400,55,107,67,23,1,16,63,43,99,1,0,0.268,0.343,0.45,278,11
119,Joc Pederson LF | LAD ,437,69,108,54,27,3,24,61,42,104,3,2,0.247,0.322,0.487,196,11
195,Albert Almora CF | CHC,462,68,128,91,26,1,10,49,37,107,3,2,0.277,0.333,0.403,287,11
68,Buster Posey C | SF ,538,65,146,103,32,1,10,63,54,93,3,1,0.271,0.344,0.39,101,11
110,Francisco Cervelli C | PIT ,433,52,114,73,21,4,16,67,57,113,2,2,0.263,0.368,0.441,186,11
109,Peter Alonso 1B | NYM,462,61,116,67,25,2,22,68,54,122,3,1,0.251,0.335,0.457,184,11
202,Joe Panik 2B | SF,492,62,137,98,25,5,9,48,42,51,5,3,0.279,0.338,0.405,296,11
174,Jason Heyward RF | CHC,513,73,134,91,26,5,12,69,50,81,2,2,0.261,0.329,0.402,264,10
184,Mark Reynolds 1B | COL ,370,49,95,55,18,1,21,60,38,106,2,0,0.257,0.325,0.481,276,10
201,Chris Shaw LF | SF,465,55,114,73,24,3,14,60,46,123,7,2,0.245,0.314,0.4,295,10
217,Charlie Culberson LF | ATL ,316,46,85,52,19,2,12,45,31,86,5,1,0.269,0.338,0.456,318,10
191,Troy Tulowitzki SS | NYY ,387,50,105,68,20,2,15,62,31,78,3,1,0.271,0.329,0.45,283,10
207,J.P. Crawford SS | SEA,463,63,116,78,24,7,7,54,40,109,9,2,0.251,0.32,0.378,305,10
197,Jedd Gyorko 3B | STL,409,54,107,68,22,3,14,59,48,102,4,1,0.262,0.34,0.433,289,10
199,Franchy Cordero LF | SD,414,56,101,65,21,3,12,55,40,118,11,5,0.244,0.313,0.396,292,10
193,Dansby Swanson SS | ATL ,482,55,116,73,24,4,15,60,44,126,10,4,0.241,0.305,0.4,285,10
105,Jed Lowrie 2B | NYM ,554,67,144,93,33,3,15,72,65,112,0,0,0.26,0.339,0.412,175,10
155,Ian Happ CF | CHC ,481,68,111,61,22,5,23,64,75,197,8,6,0.231,0.337,0.441,244,10
215,Franklin Barreto 2B | OAK ,320,47,85,52,19,2,12,45,26,77,6,2,0.266,0.329,0.45,316,10
107,Kyle Schwarber LF | CHC ,506,75,117,64,19,4,30,70,78,174,4,2,0.231,0.337,0.463,179,10
210,Jose Pirela 2B | SD,426,58,116,77,28,3,8,44,30,83,7,3,0.272,0.324,0.408,310,10
88,Kyle Tucker LF | HOU ,314,50,84,50,19,2,13,43,33,66,5,2,0.268,0.345,0.465,141,10
163,Kole Calhoun RF | LAA ,447,70,110,69,19,3,19,60,54,111,5,2,0.246,0.328,0.429,253,10
125,Omar Narvaez C | SEA,372,46,108,74,19,1,14,48,48,78,0,0,0.29,0.377,0.46,207,10
170,Ryon Healy 1B | SEA,516,56,127,84,20,0,23,76,26,129,0,0,0.246,0.285,0.419,260,9
220,Jordan Patterson RF | CIN,316,43,84,53,16,2,13,41,33,77,5,2,0.266,0.341,0.453,325,9
208,Nick Williams RF | PHI,372,51,98,67,14,3,14,53,28,100,3,2,0.263,0.325,0.43,307,9
219,Enrique Hernandez CF | LAD ,320,48,80,47,15,3,15,43,35,71,4,1,0.25,0.324,0.456,321,9
185,Tim Beckham SS | SEA ,482,63,125,84,21,4,16,53,39,130,4,4,0.259,0.321,0.419,277,9
98,Franmil Reyes RF | SD,425,56,113,72,20,2,19,51,38,115,3,1,0.266,0.327,0.457,164,9
123,Ketel Marte 2B | ARI ,556,68,138,86,28,9,15,62,52,91,7,1,0.248,0.316,0.412,201,9
194,Steven Duggar CF | SF ,483,66,119,77,30,4,8,63,43,133,9,2,0.246,0.31,0.375,286,9
149,Evan Longoria 3B | SF,587,69,146,86,33,5,22,73,36,123,4,2,0.249,0.3,0.434,238,9
171,Nick Ahmed SS | ARI ,537,64,128,73,33,4,18,70,41,113,7,3,0.238,0.293,0.415,261,9
224,Isiah Kiner-Falefa 3B | TEX ,383,52,102,76,21,1,4,45,29,76,7,5,0.266,0.326,0.358,333,8
147,Adam Duvall LF | ATL ,561,71,123,58,39,2,24,91,43,171,4,2,0.219,0.279,0.424,236,8
249,Jarrod Dyson CF | ARI,313,43,64,47,11,3,3,27,37,66,25,6,0.204,0.29,0.287,370,8
183,Todd Frazier 3B | NYM,407,56,92,51,20,0,21,62,53,105,7,4,0.226,0.324,0.43,275,8
216,Chad Pinder LF | OAK,313,47,83,50,14,2,17,42,25,87,1,1,0.265,0.331,0.486,317,8
214,Clint Frazier LF | NYY,313,53,80,45,19,3,13,47,34,88,4,1,0.256,0.33,0.46,314,8
213,Martin Prado 3B | MIA,484,50,125,84,28,2,11,57,34,114,4,1,0.258,0.312,0.393,313,8
58,Yasmani Grandal C | MIL ,385,52,98,59,19,2,18,57,43,111,1,1,0.255,0.33,0.455,84,8
117,Jake Lamb 3B | ARI ,540,73,125,75,26,2,22,77,65,153,4,3,0.232,0.316,0.409,194,8
222,Michael Hermosillo RF | LAA,307,44,81,49,17,2,13,41,33,70,4,1,0.264,0.341,0.459,328,1
118,Kyle Seager 3B | SEA,579,69,134,73,36,1,24,82,49,144,2,2,0.231,0.296,0.421,195,1
237,Ben Gamel LF | MIL ,311,45,86,59,16,5,6,35,34,83,6,2,0.277,0.351,0.418,355,1
226,Wilmer Difo 2B | WAS,320,48,82,55,14,6,7,41,27,62,8,2,0.256,0.315,0.403,337,1
106,Yoenis Cespedes LF | NYM ,223,33,62,37,12,1,12,36,19,59,3,1,0.278,0.337,0.502,178,1
231,Brock Holt 2B | BOS ,316,43,84,58,17,2,7,40,33,68,7,4,0.266,0.343,0.399,348,1
232,Yairo Munoz SS | STL,317,38,85,57,18,1,9,41,29,72,6,4,0.268,0.335,0.416,349,1
211,Daniel Descalso 2B | CHC ,379,57,94,56,22,4,12,59,62,109,2,1,0.248,0.354,0.422,311,1
205,Scott Kingery SS | PHI,513,70,126,84,30,4,8,50,27,124,9,3,0.246,0.286,0.366,303,1
198,Austin Dean LF | MIA,467,60,113,74,21,2,16,55,38,118,6,2,0.242,0.308,0.398,290,1
243,Raimel Tapia CF | COL,306,46,76,49,19,2,6,37,29,82,9,6,0.248,0.318,0.382,363,1
223,Daniel Vogelbach 1B | SEA,304,40,78,47,15,1,15,45,38,84,2,0,0.257,0.345,0.461,332,1
239,Blake Trahan SS | CIN,325,39,87,60,16,2,9,37,25,67,6,2,0.268,0.324,0.412,357,1
250,Tyler Wade 2B | NYY,253,38,68,42,15,2,9,35,23,60,5,2,0.269,0.332,0.451,371,1
253,Austin Slater LF | SF,308,40,75,56,13,2,4,41,30,89,11,2,0.243,0.319,0.338,374,1
246,Jorge Alfaro C | MIA ,379,37,102,71,20,1,10,40,20,132,3,0,0.269,0.329,0.406,367,1
196,Mac Williamson LF | SF ,473,62,112,71,22,2,17,56,44,128,6,3,0.237,0.304,0.4,288,1
260,Myles Straw RF | HOU,187,30,52,32,10,1,9,29,20,38,5,2,0.278,0.352,0.487,392,1
225,Peter O'Brien 1B | MIA,311,38,80,47,17,1,15,45,31,88,2,1,0.257,0.326,0.463,336,1
221,Erik Gonzalez 2B | PIT ,465,52,115,77,26,4,8,50,30,116,8,3,0.247,0.296,0.372,326,1
126,Yan Gomes C | WAS,406,54,105,67,24,0,14,53,29,136,0,0,0.259,0.318,0.421,208,1
127,Kurt Suzuki C | WAS,313,45,82,49,20,0,13,50,23,51,0,0,0.262,0.325,0.451,209,1
238,Pablo Sandoval 3B | SF,312,37,78,49,15,2,12,49,27,71,2,0,0.25,0.316,0.426,356,1
252,Dustin Fowler CF | OAK,312,41,73,49,14,3,7,43,26,84,9,4,0.234,0.299,0.365,373,1
242,Miguel Rojas SS | MIA ,399,42,102,76,16,1,9,45,25,63,4,2,0.256,0.307,0.368,361,1
230,David Bote 3B | CHC,323,40,79,48,16,3,12,47,32,93,4,2,0.245,0.32,0.424,347,1
236,Austin Hedges C | SD ,322,36,81,48,17,2,14,42,25,83,3,1,0.252,0.31,0.447,354,1
244,Jay Bruce RF | SEA,311,37,81,49,19,2,11,42,32,74,3,1,0.261,0.33,0.441,364,1
257,Roman Quinn CF | PHI,304,44,72,52,13,4,3,42,31,82,9,4,0.237,0.314,0.336,385,1
218,JT Riddle SS | MIA,552,54,134,90,25,7,12,63,38,131,2,0,0.243,0.29,0.379,320,1
241,Kevin Kramer 3B | PIT,311,40,80,50,17,2,11,42,28,74,3,1,0.257,0.319,0.431,360,1
254,Blake Swihart C | BOS ,317,45,72,50,17,1,4,42,30,82,11,4,0.227,0.298,0.325,376,1
245,Carlos Tocci CF | TEX,319,45,81,52,16,3,10,39,30,93,3,1,0.254,0.321,0.417,365,1
259,Jake Marisnick CF | HOU ,234,35,55,32,12,0,11,33,19,76,6,3,0.235,0.304,0.427,389,1
233,Jose Osuna 1B | PIT,312,42,78,43,20,2,13,46,26,71,1,0,0.25,0.311,0.452,350,1
295,Travis Jankowski RF | SD ,183,25,45,34,8,2,1,15,20,42,13,4,0.246,0.322,0.328,462,1
240,Mark Canha CF | OAK ,308,49,76,47,18,1,10,42,30,82,2,1,0.247,0.326,0.409,359,1
235,Willie Calhoun LF | TEX ,319,43,80,52,16,1,11,43,30,81,3,1,0.251,0.316,0.411,353,1
188,Dexter Fowler RF | STL ,462,70,100,62,20,1,17,60,56,120,8,4,0.216,0.304,0.374,280,1
256,Greg Garcia 2B | SD,376,40,96,67,19,3,7,36,33,79,7,2,0.255,0.322,0.378,378,1
229,Aaron Altherr RF | PHI ,305,45,71,42,14,4,11,49,31,93,5,2,0.233,0.318,0.413,344,1
227,Greg Bird 1B | NYY ,307,39,72,35,19,2,16,52,39,88,1,0,0.234,0.327,0.466,338,1
212,Lewis Brinson CF | MIA,486,48,112,70,18,6,18,61,27,153,4,2,0.231,0.278,0.403,312,1
262,Garrett Cooper LF | MIA ,309,35,77,50,16,2,9,35,27,89,4,1,0.249,0.313,0.401,394,1
267,Jung Ho Kang 3B | PIT ,249,31,66,41,14,2,9,32,22,55,2,1,0.265,0.33,0.446,406,1
130,Jonathan Lucroy C | LAA ,374,42,95,69,18,1,7,50,29,63,0,0,0.254,0.308,0.364,214,1
270,Ty France 3B | SD,250,31,63,39,14,1,9,33,22,59,3,1,0.252,0.315,0.424,410,1
272,Tommy La Stella 3B | LAA ,219,29,60,43,9,1,7,32,19,37,1,0,0.274,0.331,0.42,418,1
274,Ildemaro Vargas 3B | ARI,190,25,49,29,10,1,9,29,19,44,3,1,0.258,0.33,0.463,421,1
247,Ryan McMahon 1B | COL,307,39,78,47,16,2,13,41,32,89,1,0,0.254,0.329,0.446,368,1
234,Neil Walker 1B | MIA ,408,47,99,68,17,2,12,49,38,107,1,0,0.243,0.314,0.382,351,1
128,Austin Barnes C | LAD ,362,48,84,56,16,1,11,42,43,100,5,1,0.232,0.325,0.373,211,1
287,Phillip Ervin LF | CIN,187,25,48,32,10,2,4,29,20,47,5,2,0.257,0.336,0.396,444,1
255,Manny Pina C | MIL ,319,42,82,55,15,2,10,36,24,68,2,0,0.257,0.315,0.411,377,1
279,Tony Kemp LF | HOU ,179,29,47,33,10,0,4,23,24,34,7,2,0.263,0.353,0.386,430,1
275,Tzu-Wei Lin SS | BOS,197,28,54,34,12,2,6,27,16,39,3,1,0.274,0.33,0.447,424,1
266,Elias Diaz C | PIT,281,31,73,48,14,1,10,38,24,58,0,0,0.26,0.32,0.423,405,1
268,Kevan Smith C | LAA,247,32,67,46,12,1,8,33,23,45,1,0,0.271,0.342,0.425,408,1
283,Adrian Sanchez 2B | WAS,192,27,52,34,12,1,5,26,16,42,3,1,0.271,0.332,0.422,440,1
258,Christian Vazquez C | BOS,390,45,96,69,18,2,7,35,21,75,6,2,0.246,0.294,0.356,386,1
280,Aramis Garcia 1B | SF,186,25,48,29,9,1,9,29,18,52,1,0,0.258,0.329,0.462,433,1
265,Kevin Newman SS | PIT ,319,36,79,55,15,2,7,35,21,66,5,2,0.248,0.299,0.373,404,1
228,Curtis Granderson RF | MIA ,416,56,100,61,23,4,12,41,47,130,3,0,0.24,0.325,0.401,339,1
286,Kristopher Negron LF | SEA,185,26,47,30,9,1,7,23,20,51,4,1,0.254,0.335,0.427,443,1
277,Connor Joe OF | CIN ,187,25,50,30,10,1,9,28,22,47,1,1,0.267,0.349,0.476,427,1
248,Chris Iannetta C | COL,363,41,82,49,17,1,15,48,43,104,1,0,0.226,0.317,0.402,369,1
302,Alex Blandino 2B | CIN ,192,25,52,37,9,1,5,19,17,43,3,1,0.271,0.335,0.406,475,1
290,Pablo Reyes RF | PIT,187,25,49,31,10,1,7,22,18,43,3,1,0.262,0.332,0.439,450,1
292,Andrew Toles CF | LAD,160,25,41,25,8,1,7,24,16,40,2,1,0.256,0.33,0.45,454,1
261,Wilmer Flores 1B | ARI ,325,34,81,50,19,1,11,43,24,49,0,0,0.249,0.3,0.415,393,1
99,Francisco Mejia C | SD,445,47,102,66,20,1,15,55,37,117,1,1,0.229,0.297,0.38,165,1
129,Tucker Barnhart C | CIN ,410,45,101,69,18,2,12,42,44,89,0,0,0.246,0.324,0.388,212,1
269,Max Stassi C | HOU,249,32,62,36,15,0,11,35,25,62,0,0,0.249,0.335,0.442,409,1
310,Tyler Saladino SS | MIL ,192,24,49,36,9,1,3,25,14,45,4,3,0.255,0.308,0.359,486,1
305,Dylan Moore SS | SEA,191,24,50,33,10,2,5,22,14,42,3,1,0.262,0.317,0.414,478,1
298,Ezequiel Carrera LF | ATL ,151,23,39,24,7,1,7,20,18,39,3,1,0.258,0.343,0.457,468,1
313,Keston Hiura 2B | MIL ,161,22,43,29,8,1,5,20,14,36,3,1,0.267,0.332,0.422,490,1
306,Juan Lagares CF | NYM,227,30,55,41,10,3,1,23,19,56,7,3,0.242,0.308,0.326,479,1
284,Adolis Garcia RF | STL,189,26,47,29,9,1,8,25,19,52,3,1,0.249,0.322,0.434,441,1
293,Mitch Walding 3B | PHI,185,25,46,28,10,1,7,26,19,47,2,1,0.249,0.324,0.427,457,1
273,Austin Romine C | NYY ,255,30,60,38,13,0,9,38,20,69,1,0,0.235,0.295,0.392,420,1
294,Noel Cuevas RF | COL,187,25,48,30,10,1,7,23,16,49,2,1,0.257,0.32,0.433,461,1
307,Jose Ruiz 1B | TEX,155,21,40,24,8,1,7,24,15,43,1,0,0.258,0.33,0.458,481,1
251,Chris Herrmann C | OAK ,370,49,80,45,21,3,11,48,46,109,4,1,0.216,0.306,0.378,372,1
301,Yonathan Daza RF | COL,154,22,41,25,8,1,7,21,15,41,2,1,0.266,0.337,0.468,472,1
312,Abiatal Avelino SS | SF,193,22,52,37,9,1,5,20,13,41,3,1,0.269,0.317,0.404,488,1
303,Taylor Ward 3B | LAA,154,21,40,24,8,1,7,23,16,35,2,1,0.26,0.335,0.461,476,1
276,Socrates Brito RF | ARI,220,30,52,31,10,2,9,28,24,59,3,1,0.236,0.313,0.423,426,1
311,Mark Zagunis RF | CHC,159,23,39,24,8,1,6,22,18,43,3,1,0.245,0.328,0.421,487,1
299,Drew Ferguson CF | SF ,186,24,47,30,10,1,6,23,17,48,3,1,0.253,0.32,0.414,470,1
308,Pat Valaika 2B | COL,190,24,46,30,8,1,7,23,15,44,2,1,0.242,0.299,0.405,483,1
321,Javy Guerra SS | SD,191,21,47,32,9,1,5,21,14,44,3,1,0.246,0.299,0.382,511,1
289,Andrew Knapp C | PHI,246,33,59,39,11,2,7,27,30,78,1,0,0.24,0.33,0.386,449,1
285,Rocky Gale C | LAD,225,27,53,32,11,1,9,31,22,60,1,0,0.236,0.312,0.413,442,1
263,Jeff Mathis C | TEX,379,42,86,58,18,2,8,51,35,117,1,0,0.227,0.296,0.348,395,1
322,Nolan Fontana 2B | TEX ,159,22,39,26,8,1,4,19,14,39,4,2,0.245,0.312,0.384,513,1
271,Devin Mesoraco C | NYM ,316,33,74,47,14,1,12,39,31,73,0,0,0.234,0.312,0.399,412,1
317,Andrew Knizner C | STL ,190,22,46,29,9,1,7,25,17,51,1,0,0.242,0.316,0.41,497,1
296,Magneuris Sierra CF | MIA,314,34,69,56,11,1,1,28,22,89,10,3,0.22,0.274,0.271,464,1
291,David Freitas C | SEA,249,29,61,39,14,1,7,29,22,68,1,0,0.245,0.312,0.394,451,1
319,Kyle Farmer 3B | CIN ,157,19,41,26,8,1,6,22,16,35,1,1,0.261,0.333,0.44,504,1
304,J.D. Davis 3B | NYM ,191,23,47,29,10,1,7,25,19,48,2,1,0.246,0.318,0.419,477,1
314,Breyvic Valera 2B | SF ,189,23,49,34,9,2,4,21,15,40,4,1,0.259,0.31,0.392,492,1
316,Christian Walker 1B | ARI,175,21,41,24,8,1,8,25,17,49,1,0,0.234,0.311,0.429,495,1
329,Kyle Higashioka C | NYY,157,19,35,21,8,0,6,21,15,40,1,0,0.223,0.297,0.389,536,1
324,Raffy Lopez C | ATL,162,21,37,24,7,0,6,25,17,48,1,0,0.228,0.306,0.383,517,1
328,Erik Kratz C | MIL,162,17,41,29,7,0,5,20,10,38,1,0,0.253,0.309,0.389,534,1
315,Chad Wallach C | MIA,250,25,56,38,10,1,7,31,19,77,1,0,0.224,0.292,0.356,493,1
282,Addison Russell SS | CHC ,322,40,74,51,16,2,5,31,27,89,3,0,0.23,0.293,0.339,439,1
325,Jose Briceno C | LAA,155,19,39,26,7,0,6,20,14,38,1,0,0.252,0.324,0.413,519,1
332,Tom Murphy C | COL,157,16,38,24,8,1,5,20,12,47,0,0,0.242,0.302,0.401,550,1
281,Rosell Herrera RF | MIA ,413,44,92,67,21,3,1,38,36,102,7,5,0.223,0.293,0.295,437,1
264,Tyler Flowers C | ATL,373,44,83,54,17,1,11,42,39,106,1,0,0.223,0.311,0.362,397,1
300,Tony Wolters C | COL ,240,26,53,34,9,3,7,33,25,58,2,0,0.221,0.309,0.371,471,1
131,Carson Kelly C | ARI,321,31,71,46,15,1,9,37,28,80,1,0,0.221,0.292,0.358,220,1
288,Travis d'Arnaud C | NYM ,257,26,57,36,11,0,10,37,19,56,0,0,0.222,0.281,0.381,446,1
318,Victor Caratini C | CHC,194,23,48,33,10,0,5,28,18,48,0,0,0.247,0.318,0.376,501,1
330,Sean Rodriguez 2B | PIT ,124,17,30,19,6,1,4,16,14,37,2,0,0.242,0.321,0.403,547,1
297,Drew Robinson CF | STL,190,30,43,27,8,1,7,22,23,70,3,2,0.226,0.312,0.39,467,1
326,Ryder Jones 1B | SF,185,21,42,25,9,1,7,21,17,57,1,0,0.227,0.304,0.4,523,1
327,Matt Szczur LF | ARI ,169,21,39,23,9,1,6,19,19,43,2,1,0.231,0.318,0.402,525,1
132,Brian McCann C | ATL,253,28,54,37,9,0,8,32,23,65,1,0,0.213,0.29,0.344,221,1
323,Curt Casali C | CIN ,190,20,47,31,10,0,6,23,18,49,1,0,0.247,0.319,0.395,514,1
278,Sandy Leon C | BOS ,321,38,69,44,16,0,9,38,24,89,1,0,0.215,0.276,0.349,428,1
337,Drew Butera C | PHI ,157,18,35,24,6,1,4,21,15,41,0,0,0.223,0.295,0.35,562,1
333,Josh Phegley C | OAK ,154,18,34,19,10,0,5,22,12,36,0,0,0.221,0.281,0.383,552,1
331,John Ryan Murphy C | ARI ,173,17,38,22,9,0,7,20,13,50,0,0,0.22,0.28,0.393,549,1
309,Russell Martin C | LAD ,243,32,51,34,8,0,9,27,40,69,0,0,0.21,0.333,0.354,485,1
334,Dominic Smith 1B | NYM,163,17,36,20,8,1,7,18,11,49,0,0,0.221,0.273,0.411,553,1
335,Tomas Nido C | NYM,161,17,36,23,8,0,5,20,13,44,1,0,0.224,0.282,0.366,555,1
338,Ichiro Suzuki LF | SEA ,179,23,40,30,8,1,1,20,18,41,1,0,0.224,0.3,0.296,574,1
336,Abraham Almonte CF | ARI,158,20,34,22,5,2,5,15,17,45,2,1,0.215,0.294,0.367,558,1
320,Alex Avila C | ARI,305,25,59,36,11,1,11,35,38,110,0,0,0.193,0.286,0.344,508,1
